date,score
2017-01-04 21:37:09,-1
2017-01-05 00:40:26,0
2017-01-05 05:09:24,0
2017-01-12 01:46:33,0
2017-01-13 05:02:03,-1
2017-01-13 05:32:43,1
2017-01-13 21:14:29,0
2017-01-13 23:43:18,0
2017-01-15 07:24:35,0
2017-01-19 05:21:01,0
2017-01-19 20:44:33,0
2017-01-19 21:42:56,0
2017-01-20 00:32:18,-1
2017-01-20 00:37:23,0
2017-01-20 21:41:51,0
2017-01-23 11:59:18,0
2017-01-24 03:10:46,1
2017-01-25 10:09:14,0
2017-01-25 10:10:41,0
2017-01-25 18:21:40,0
2017-01-28 08:00:32,0
2017-01-29 08:44:39,0
2017-02-02 01:35:19,0
2017-02-03 13:17:41,1
2017-02-03 22:27:16,0
2017-02-08 23:04:01,0
2017-02-09 02:09:26,1
2017-02-09 13:07:48,1
2017-02-09 19:23:59,0
2017-02-09 19:25:30,0
2017-02-10 03:18:56,0
2017-02-10 18:56:27,0
2017-02-10 23:25:23,0
2017-02-10 23:58:22,1
2017-02-11 02:36:23,0
2017-02-11 05:40:17,0
2017-02-12 04:36:20,0
2017-02-13 05:42:53,0
2017-02-13 23:35:42,0
2017-02-14 00:03:15,0
2017-02-14 01:35:39,0
2017-02-14 03:24:39,0
2017-02-14 03:37:30,1
2017-02-14 06:45:56,0
2017-02-14 07:34:26,0
2017-02-14 10:07:48,0
2017-02-14 11:59:14,0
2017-02-14 22:40:50,0
2017-02-14 23:04:29,0
2017-02-15 00:37:56,0
2017-02-15 00:51:01,0
2017-02-15 01:39:56,0
2017-02-15 11:57:33,1
2017-02-15 12:56:21,0
2017-02-16 00:34:27,0
2017-02-16 01:35:17,-1
2017-02-16 02:25:47,0
2017-02-16 04:40:34,0
2017-02-16 05:23:08,1
2017-02-17 00:00:12,0
2017-02-17 02:27:37,0
2017-02-17 05:17:33,1
2017-02-17 06:42:48,-1
2017-02-18 03:28:16,0
2017-02-18 04:57:55,0
2017-02-18 13:18:28,-1
2017-02-19 12:30:51,0
2017-02-20 02:33:10,0
2017-02-21 07:44:59,0
2017-02-22 01:44:47,0
2017-02-22 03:54:16,0
2017-02-22 04:38:02,1
2017-02-22 10:05:16,0
2017-02-22 10:57:38,1
2017-02-22 23:07:48,0
2017-02-23 01:01:48,0
2017-02-23 02:14:44,0
2017-02-23 03:09:23,0
2017-02-23 04:28:27,0
2017-02-23 04:45:17,0
2017-02-23 05:06:47,0
2017-02-23 05:30:22,0
2017-02-23 07:11:24,0
2017-02-23 20:07:03,0
2017-02-23 22:11:19,0
2017-02-23 22:30:38,0
2017-02-23 22:37:14,0
2017-02-23 22:42:39,-1
2017-02-23 22:50:45,0
2017-02-23 23:43:16,0
2017-02-24 02:49:37,0
2017-02-24 03:18:57,1
2017-02-24 03:59:52,-1
2017-02-24 05:56:20,0
2017-02-24 06:49:41,0
2017-02-24 07:31:19,0
2017-02-25 11:14:39,0
2017-02-26 15:16:49,0
2017-02-27 08:36:33,0
2017-02-27 18:29:24,0
2017-02-27 21:34:50,0
2017-02-27 22:40:33,1
2017-02-27 22:56:35,-1
2017-02-28 00:01:32,1
2017-02-28 00:58:20,1
2017-02-28 05:39:06,0
2017-02-28 05:44:40,0
2017-02-28 05:46:23,-1
2017-02-28 06:40:40,0
2017-02-28 08:58:32,1
2017-02-28 10:45:18,0
2017-03-03 02:14:56,0
2017-03-03 23:40:33,0
2017-03-03 23:51:06,0
2017-03-03 23:52:27,0
2017-03-03 23:55:10,0
2017-03-07 08:23:27,0
2017-03-08 04:57:35,0
2017-03-08 05:58:19,0
2017-03-15 01:26:25,0
2017-03-15 03:04:16,0
2017-03-15 08:45:36,0
2017-03-15 20:43:17,0
2017-03-16 04:58:49,0
2017-03-16 06:07:40,1
2017-03-16 10:24:37,0
2017-03-16 10:34:42,0
2017-03-16 20:46:53,0
2017-03-17 02:55:20,0
2017-03-22 21:11:27,-1
2017-03-24 20:27:47,0
2017-03-28 04:24:38,0
2017-03-28 20:41:34,0
2017-03-29 01:36:23,0
2017-03-30 23:40:03,0
2017-04-02 04:46:26,0
2017-04-03 04:27:11,0
2017-04-03 07:49:03,-1
2017-04-03 23:47:10,1
2017-04-04 01:23:06,0
2017-04-04 01:50:29,-1
2017-04-04 02:36:05,0
2017-04-04 03:55:26,1
2017-04-04 22:48:49,-2
2017-04-05 00:38:28,1
2017-04-05 05:31:31,1
2017-04-05 08:45:46,0
2017-04-06 01:50:59,-1
2017-04-06 04:02:39,0
2017-04-06 22:58:04,0
2017-04-07 02:42:18,0
2017-04-07 08:07:47,0
2017-04-08 05:29:45,1
2017-04-08 08:37:45,0
2017-04-09 09:34:06,0
2017-04-10 02:36:57,0
2017-04-10 09:57:30,0
2017-04-10 20:02:23,0
2017-04-10 20:29:51,0
2017-04-11 16:06:25,-1
2017-04-11 16:55:15,0
2017-04-11 18:09:00,-1
2017-04-11 22:49:49,0
2017-04-13 03:49:38,0
2017-04-13 03:51:25,0
2017-04-14 01:59:26,0
2017-04-14 04:33:26,0
2017-04-14 11:54:58,0
2017-04-16 08:03:44,1
2017-04-17 19:50:28,0
2017-04-21 01:20:57,0
2017-04-21 01:22:18,0
2017-04-21 01:23:03,0
2017-04-21 04:13:53,0
2017-04-21 05:05:47,0
2017-04-21 14:58:13,0
2017-04-22 00:20:59,0
2017-04-22 09:52:26,0
2017-04-25 00:27:34,0
2017-04-26 07:09:11,0
2017-04-27 21:55:12,0
2017-04-28 03:22:07,0
2017-04-29 02:49:54,0
2017-05-01 10:18:26,0
2017-05-01 16:49:52,0
2017-05-01 22:47:37,0
2017-05-02 02:08:32,0
2017-05-03 02:35:02,0
2017-05-03 17:08:55,0
2017-05-03 17:18:27,-1
2017-05-03 20:46:58,-1
2017-05-03 21:59:12,0
2017-05-03 22:11:34,0
2017-05-04 00:19:03,1
2017-05-04 01:56:08,0
2017-05-04 04:09:45,0
2017-05-04 09:35:09,0
2017-05-04 20:54:34,0
2017-05-04 22:27:26,-1
2017-05-04 23:01:12,0
2017-05-05 01:04:37,0
2017-05-05 10:46:07,0
2017-05-05 20:01:07,0
2017-05-05 22:42:40,0
2017-05-05 23:37:01,0
2017-05-06 01:33:55,0
2017-05-06 14:17:40,0
2017-05-09 06:31:28,0
2017-05-09 23:12:45,0
2017-05-10 00:06:41,1
2017-05-10 00:35:21,0
2017-05-10 04:47:34,0
2017-05-10 18:53:39,0
2017-05-11 07:12:41,0
2017-05-11 09:10:34,1
2017-05-11 23:10:01,0
2017-05-11 23:24:10,1
2017-05-12 02:50:00,0
2017-05-12 04:56:48,1
2017-05-12 08:50:00,0
2017-05-12 10:25:20,0
2017-05-12 21:52:12,0
2017-05-13 00:21:44,0
2017-05-13 01:30:52,0
2017-05-13 13:45:01,0
2017-05-13 13:55:49,0
2017-05-13 23:48:59,0
2017-05-14 02:24:32,0
2017-05-15 01:43:05,0
2017-05-15 03:27:34,0
2017-05-18 22:30:17,0
2017-05-19 02:55:27,0
2017-05-22 13:14:51,1
2017-05-23 03:08:40,-1
2017-05-23 05:11:07,0
2017-05-26 05:55:37,1
2017-05-27 03:16:12,1
2017-05-28 02:05:51,1
2017-05-28 04:12:52,0
2017-05-28 06:23:01,-1
2017-05-29 11:17:38,0
2017-05-30 23:57:09,0
2017-05-31 01:10:54,0
2017-05-31 09:11:13,0
2017-05-31 19:13:21,0
2017-06-01 01:37:25,0
2017-06-01 03:05:16,0
2017-06-01 03:13:15,0
2017-06-01 04:13:18,0
2017-06-01 04:42:26,0
2017-06-01 05:05:20,0
2017-06-01 06:50:04,2
2017-06-01 07:37:05,0
2017-06-01 08:00:18,0
2017-06-01 22:49:33,0
2017-06-02 06:50:10,0
2017-06-03 02:55:54,0
2017-06-03 03:39:59,0
2017-06-04 03:33:37,1
2017-06-05 03:00:15,0
2017-06-05 06:33:14,0
2017-06-05 07:24:40,0
2017-06-05 20:32:54,0
2017-06-06 04:13:01,0
2017-06-06 04:26:05,0
2017-06-06 04:46:02,0
2017-06-06 23:07:59,0
2017-06-07 00:54:36,0
2017-06-07 01:06:10,0
2017-06-07 05:52:27,1
2017-06-07 10:39:59,0
2017-06-07 11:08:21,-1
2017-06-07 11:11:47,0
2017-06-07 22:42:13,0
2017-06-08 23:56:21,0
2017-06-09 00:29:01,0
2017-06-09 02:21:32,-1
2017-06-09 03:47:08,0
2017-06-09 04:14:39,0
2017-06-09 06:09:41,0
2017-06-09 07:12:31,1
2017-06-09 21:52:57,0
2017-06-09 22:26:26,1
2017-06-09 23:11:20,0
2017-06-10 09:27:08,0
2017-06-12 21:38:03,0
2017-06-13 11:43:51,0
2017-06-13 20:50:38,0
2017-06-14 01:35:56,0
2017-06-14 02:49:07,0
2017-06-14 02:53:52,0
2017-06-14 06:31:58,0
2017-06-14 21:31:39,0
2017-06-14 22:25:05,0
2017-06-15 03:43:40,0
2017-06-15 04:27:59,0
2017-06-15 05:35:29,0
2017-06-15 07:14:40,1
2017-06-15 19:39:06,0
2017-06-17 00:54:02,0
2017-06-17 18:41:00,1
2017-06-19 03:21:43,0
2017-06-19 19:57:06,-1
2017-06-20 02:25:38,0
2017-06-20 06:08:28,0
2017-06-20 11:55:37,0
2017-06-21 21:42:04,0
2017-06-22 07:31:08,0
2017-06-22 17:47:14,0
2017-06-22 22:42:16,0
2017-06-22 22:52:26,0
2017-06-23 08:14:48,0
2017-06-26 12:36:37,0
2017-06-27 02:03:12,0
2017-06-28 00:13:28,-1
2017-06-28 00:25:57,0
2017-06-28 01:12:50,0
2017-06-29 01:39:58,1
2017-06-29 02:40:36,0
2017-06-29 23:24:54,0
2017-06-30 20:08:23,1
2017-07-01 00:44:51,0
2017-07-02 03:21:41,0
2017-07-02 10:57:30,0
2017-07-02 22:55:55,0
2017-07-02 23:21:31,1
2017-07-03 06:31:55,0
2017-07-03 10:03:16,0
2017-07-03 14:40:31,0
2017-07-04 01:23:20,1
2017-07-04 02:48:34,0
2017-07-05 02:37:12,1
2017-07-05 20:15:38,0
2017-07-05 21:58:53,0
2017-07-05 22:40:15,0
2017-07-05 22:42:17,0
2017-07-05 22:50:40,1
2017-07-06 03:07:52,-1
2017-07-06 04:37:26,0
2017-07-06 05:29:25,0
2017-07-06 09:15:04,1
2017-07-06 09:26:58,1
2017-07-06 12:05:57,0
2017-07-06 19:28:16,0
2017-07-06 21:37:28,0
2017-07-06 21:50:08,1
2017-07-07 01:22:00,-1
2017-07-07 01:37:59,0
2017-07-07 01:45:36,0
2017-07-07 01:54:22,1
2017-07-07 02:10:16,0
2017-07-07 03:07:06,0
2017-07-07 04:02:45,0
2017-07-07 05:12:13,-1
2017-07-07 06:31:58,0
2017-07-07 07:03:30,0
2017-07-07 07:18:50,0
2017-07-07 09:27:03,0
2017-07-07 09:27:39,0
2017-07-07 10:43:31,0
2017-07-07 13:33:59,0
2017-07-07 16:39:54,0
2017-07-07 21:48:56,0
2017-07-08 00:44:38,0
2017-07-08 01:34:27,0
2017-07-09 12:13:12,0
2017-07-09 13:26:57,1
2017-07-10 03:38:23,0
2017-07-10 06:21:25,1
2017-07-10 08:38:27,0
2017-07-10 10:42:28,0
2017-07-10 21:48:59,0
2017-07-11 04:03:35,0
2017-07-11 04:43:06,-1
2017-07-11 22:50:46,0
2017-07-12 13:08:28,1
2017-07-12 21:59:45,-1
2017-07-12 22:08:35,1
2017-07-13 01:54:34,1
2017-07-14 02:26:52,0
2017-07-14 08:15:02,0
2017-07-15 03:12:16,0
2017-07-17 22:26:31,1
2017-07-17 22:39:40,0
2017-07-17 23:24:52,0
2017-07-18 01:18:46,0
2017-07-18 03:21:53,0
2017-07-18 03:56:34,0
2017-07-18 22:53:03,0
2017-07-20 10:07:28,0
2017-07-21 01:04:33,1
2017-07-22 09:43:55,0
2017-07-23 06:19:52,0
2017-07-24 21:45:31,0
2017-07-24 23:24:51,1
2017-07-25 23:51:22,0
2017-07-26 05:41:20,0
2017-07-26 16:24:42,1
2017-07-27 02:55:54,0
2017-07-28 04:22:30,0
2017-07-28 04:57:53,0
2017-07-28 20:47:31,-1
2017-07-29 14:04:36,0
2017-07-29 23:26:58,1
2017-07-30 11:13:55,0
2017-07-31 01:18:55,1
2017-07-31 19:38:22,0
2017-07-31 20:38:39,1
2017-08-01 01:25:28,0
2017-08-01 23:15:12,1
2017-08-02 03:39:03,0
2017-08-02 07:09:18,0
2017-08-02 10:27:40,1
2017-08-02 10:35:24,0
2017-08-02 11:10:19,1
2017-08-02 13:39:55,0
2017-08-03 00:16:47,0
2017-08-03 00:17:39,1
2017-08-03 01:25:45,0
2017-08-03 01:37:24,0
2017-08-03 03:55:54,0
2017-08-03 04:05:18,1
2017-08-03 04:14:07,0
2017-08-03 04:15:37,0
2017-08-03 04:16:34,0
2017-08-03 04:19:26,1
2017-08-03 05:39:46,1
2017-08-03 06:46:57,0
2017-08-03 15:25:48,0
2017-08-03 18:15:58,1
2017-08-03 22:04:13,0
2017-08-04 00:21:09,0
2017-08-04 01:23:15,0
2017-08-04 02:32:19,1
2017-08-04 23:39:39,1
2017-08-06 08:56:29,0
2017-08-06 10:24:53,0
2017-08-07 03:36:36,0
2017-08-07 06:06:38,-1
2017-08-08 11:27:18,0
2017-08-08 23:06:36,0
2017-08-09 00:22:08,0
2017-08-09 10:52:28,0
2017-08-10 05:40:57,-1
2017-08-10 20:11:38,0
2017-08-11 22:04:28,0
2017-08-11 22:05:41,0
2017-08-12 03:53:38,0
2017-08-12 04:33:15,0
2017-08-15 04:27:51,1
2017-08-15 04:28:27,1
2017-08-17 07:56:34,-1
2017-08-18 20:05:37,-1
2017-08-22 01:26:54,0
2017-08-22 01:32:13,-1
2017-08-23 10:08:55,0
2017-08-24 11:39:06,0
2017-08-25 09:09:33,0
2017-08-26 04:35:45,0
2017-09-07 01:33:07,0
2017-09-07 23:16:41,1
2017-09-08 01:32:07,0
2017-09-12 02:01:31,0
2017-09-12 09:47:37,0
2017-09-12 21:47:49,0
2017-09-13 08:55:22,0
2017-09-15 04:02:31,0
2017-09-15 09:11:19,0
2017-09-18 22:38:35,0
2017-09-19 21:02:34,0
2017-09-21 03:58:43,0
2017-09-21 04:03:01,0
2017-09-21 04:43:44,1
2017-09-21 14:02:19,0
2017-09-21 14:27:00,0
2017-09-21 20:42:01,0
2017-09-21 20:59:35,1
2017-09-21 21:30:13,0
2017-09-21 22:13:43,0
2017-09-21 22:30:55,0
2017-09-21 23:24:17,0
2017-09-21 23:43:41,0
2017-09-22 00:57:57,0
2017-09-22 05:20:48,0
2017-09-23 01:52:55,1
2017-09-23 09:22:27,0
2017-09-24 00:36:13,0
2017-09-25 00:16:53,-1
2017-09-25 14:40:45,-1
2017-09-26 01:18:12,0
2017-09-27 04:23:44,1
2017-09-27 04:57:01,0
2017-09-27 05:00:50,0
2017-09-28 03:18:10,0
2017-09-28 03:44:05,0
2017-09-28 06:36:36,0
2017-09-28 14:04:43,1
2017-09-28 21:29:12,0
2017-09-28 21:30:08,0
2017-09-28 23:46:44,0
2017-09-29 03:14:41,1
2017-09-29 11:21:19,0
2017-09-29 11:22:04,0
2017-09-29 23:19:23,0
2017-09-30 01:57:55,0
2017-09-30 02:08:17,0
2017-09-30 07:39:38,0
2017-10-01 13:00:42,0
2017-10-03 04:05:51,0
2017-10-03 04:50:09,0
2017-10-03 10:50:36,-1
2017-10-03 20:11:54,0
2017-10-03 20:25:33,0
2017-10-03 20:52:53,0
2017-10-03 23:02:30,0
2017-10-04 00:04:08,0
2017-10-04 00:24:22,1
2017-10-04 00:33:46,0
2017-10-04 01:16:39,0
2017-10-04 01:54:12,0
2017-10-04 03:25:17,0
2017-10-04 04:24:25,0
2017-10-04 04:52:58,0
2017-10-04 20:55:31,0
2017-10-04 22:12:42,0
2017-10-04 22:29:07,-1
2017-10-04 23:14:58,0
2017-10-05 01:06:12,0
2017-10-05 01:56:22,0
2017-10-05 08:33:47,0
2017-10-05 11:33:48,0
2017-10-05 12:34:48,0
2017-10-06 04:11:34,0
2017-10-06 06:49:16,0
2017-10-06 16:26:49,0
2017-10-07 05:59:07,1
2017-10-07 12:16:06,0
2017-10-08 10:16:38,0
2017-10-09 06:48:29,0
2017-10-10 06:58:49,0
2017-10-10 11:17:19,0
2017-10-10 22:13:07,0
2017-10-11 02:07:24,0
2017-10-12 12:40:38,0
2017-10-12 14:43:08,0
2017-10-12 22:07:25,1
2017-10-13 02:34:19,0
2017-10-13 04:26:30,0
2017-10-13 20:51:25,0
2017-10-14 02:47:19,0
2017-10-14 11:00:50,0
2017-10-15 01:30:35,1
2017-10-16 02:09:02,0
2017-10-16 05:37:15,0
2017-10-16 15:25:30,0
2017-10-17 01:24:56,0
2017-10-18 05:28:47,0
2017-10-18 10:04:52,0
2017-10-18 13:49:30,0
2017-10-18 22:57:30,0
2017-10-18 23:30:43,0
2017-10-19 22:24:30,0
2017-10-19 22:28:10,1
2017-10-20 00:28:29,0
2017-10-20 03:10:42,0
2017-10-20 06:47:55,0
2017-10-20 10:01:11,0
2017-10-20 20:59:20,1
2017-10-21 14:22:10,0
2017-10-22 12:23:08,0
2017-10-22 22:39:38,0
2017-10-22 23:32:06,0
2017-10-23 05:44:16,0
2017-10-23 12:05:21,0
2017-10-23 12:15:36,0
2017-10-23 12:25:37,0
2017-10-23 17:51:43,1
2017-10-24 06:08:53,1
2017-10-25 06:02:30,0
2017-10-25 06:55:58,0
2017-10-25 23:24:42,0
2017-10-26 09:15:35,0
2017-10-26 09:49:21,0
2017-10-26 19:56:10,0
2017-10-26 20:17:44,0
2017-10-26 21:37:27,0
2017-10-27 02:54:23,0
2017-10-27 23:22:13,0
2017-10-28 00:13:18,0
2017-10-28 03:00:23,1
2017-10-28 06:39:49,1
2017-10-28 06:46:16,1
2017-10-31 00:03:10,0
2017-10-31 00:57:19,0
2017-10-31 10:55:26,0
2017-10-31 12:54:31,0
2017-10-31 22:16:54,0
2017-11-01 04:34:40,1
2017-11-01 05:22:02,2
2017-11-01 09:21:26,1
2017-11-01 20:20:35,1
2017-11-01 21:06:37,0
2017-11-01 22:49:22,0
2017-11-02 00:14:55,0
2017-11-02 03:49:33,0
2017-11-02 04:18:15,0
2017-11-02 04:25:11,0
2017-11-02 05:52:36,0
2017-11-02 06:17:38,0
2017-11-02 07:52:09,-1
2017-11-02 09:34:00,0
2017-11-02 09:46:14,0
2017-11-02 11:51:28,1
2017-11-02 13:17:58,1
2017-11-02 20:48:10,0
2017-11-02 21:53:12,0
2017-11-02 22:02:04,0
2017-11-02 22:55:23,0
2017-11-03 00:10:20,0
2017-11-03 00:33:42,0
2017-11-03 00:51:45,-1
2017-11-03 01:01:46,-1
2017-11-03 02:01:45,0
2017-11-03 02:28:58,0
2017-11-03 03:58:00,0
2017-11-03 04:45:10,0
2017-11-03 06:08:02,1
2017-11-03 08:03:56,0
2017-11-03 10:26:08,1
2017-11-03 10:38:45,0
2017-11-03 10:40:32,1
2017-11-03 22:13:21,0
2017-11-03 22:39:53,0
2017-11-03 23:01:40,0
2017-11-04 02:50:37,0
2017-11-06 04:11:46,0
2017-11-08 03:05:06,0
2017-11-09 03:43:58,0
2017-11-09 07:29:42,0
2017-11-10 00:29:52,0
2017-11-10 01:51:59,0
2017-11-14 01:20:18,1
2017-11-14 02:56:28,1
2017-11-14 05:20:54,-1
2017-11-14 05:38:52,0
2017-11-14 06:19:58,0
2017-11-14 06:55:32,0
2017-11-15 01:06:13,0
2017-11-15 03:04:46,0
2017-11-15 03:16:36,0
2017-11-15 05:16:22,0
2017-11-15 08:29:30,1
2017-11-15 11:03:47,1
2017-11-15 12:29:34,0
2017-11-15 14:55:46,0
2017-11-15 23:56:17,-1
2017-11-16 00:22:11,1
2017-11-16 11:02:40,0
2017-11-16 20:18:54,1
2017-11-16 21:17:10,-1
2017-11-17 06:39:42,1
2017-11-17 09:46:44,-1
2017-11-17 10:16:54,0
2017-11-17 12:17:02,-1
2017-11-17 12:27:03,1
2017-11-17 12:39:04,1
2017-11-17 12:59:49,1
2017-11-17 13:02:33,0
2017-11-17 13:04:20,0
2017-11-17 13:04:41,0
2017-11-17 13:05:17,1
2017-11-17 13:23:55,0
2017-11-17 13:34:48,0
2017-11-17 13:57:53,0
2017-11-17 14:10:20,0
2017-11-17 20:52:01,0
2017-11-17 21:41:58,0
2017-11-17 23:40:26,-1
2017-11-17 23:44:46,0
2017-11-18 00:20:32,-1
2017-11-18 02:56:52,1
2017-11-18 06:36:27,0
2017-11-18 06:38:01,0
2017-11-18 07:09:30,0
2017-11-18 09:30:04,0
2017-11-19 05:18:27,1
2017-11-19 05:19:33,0
2017-11-19 12:00:48,0
2017-11-20 14:11:42,1
2017-11-20 23:34:46,1
2017-11-20 23:39:57,0
2017-11-21 00:39:57,1
2017-11-21 03:05:43,0
2017-11-21 06:09:02,-1
2017-11-21 10:20:18,0
2017-11-21 14:01:27,0
2017-11-21 22:07:01,0
2017-11-22 01:04:48,0
2017-11-22 10:15:08,0
2017-11-22 22:51:52,0
2017-11-23 14:35:52,0
2017-11-23 20:36:32,0
2017-11-23 23:25:30,0
2017-11-25 06:01:16,1
2017-11-25 15:14:45,0
2017-11-25 19:17:46,0
2017-11-26 01:34:59,0
2017-11-27 10:55:38,-1
2017-11-27 11:12:02,-1
2017-11-27 13:03:34,0
2017-11-28 03:11:35,0
2017-11-28 05:11:19,0
2017-11-28 10:23:58,1
2017-11-28 13:32:17,-1
2017-11-29 04:40:20,0
2017-11-29 11:02:39,0
2017-12-01 23:23:13,0
2017-12-02 00:55:42,1
2017-12-02 12:45:09,-1
2017-12-04 04:05:41,0
2017-12-04 10:31:24,1
2017-12-05 00:21:38,0
2017-12-05 06:18:43,0
2017-12-05 11:26:34,0
2017-12-06 00:57:40,0
2017-12-06 15:26:01,0
2017-12-07 03:03:11,1
2017-12-08 02:04:09,0
2017-12-09 00:06:57,0
2017-12-09 04:00:42,0
2017-12-09 04:06:45,1
2017-12-10 04:33:53,0
2017-12-11 05:36:50,0
2017-12-11 05:52:44,0
2017-12-12 03:50:02,0
2017-12-12 07:00:30,1
2017-12-12 19:56:33,0
2017-12-13 00:36:17,0
2017-12-13 03:41:40,1
2017-12-14 21:51:41,1
2017-12-15 11:57:57,-1
2017-12-17 03:02:16,0
2017-12-17 12:07:50,0
2017-12-20 03:11:59,0
2017-12-20 11:55:06,1
2017-12-21 14:51:38,0
2017-12-21 23:28:05,0
2017-12-22 03:41:17,1
2017-12-22 09:29:38,0
2017-12-22 11:24:58,0
2017-12-22 19:18:42,1
2017-12-22 19:24:26,0
2017-12-23 03:54:11,-1
2017-12-23 12:57:33,0
2017-12-25 11:45:47,0
2017-12-25 23:24:47,1
2017-12-26 11:55:44,1
2017-12-27 08:40:04,0
2017-12-27 10:55:31,0
2017-12-28 23:21:06,0
2017-12-29 22:29:38,0
