,score,date
0,0.0,2020-01-23
1,2.541494117647059,2020-01-24
2,1.4424375,2020-01-25
3,1.6596374999999999,2020-01-26
4,0.4361666666666666,2020-01-27
5,4.29152,2020-01-28
6,0.9190636363636364,2020-01-29
7,1.9467687499999993,2020-01-30
8,0.9026109090909092,2020-01-31
9,1.5941041666666669,2020-02-01
10,0.3783555555555555,2020-02-02
11,1.1948731707317077,2020-02-03
12,1.210885714285714,2020-02-04
13,0.7442472945891782,2020-02-05
14,0.272375117370892,2020-02-06
15,0.43945669291338574,2020-02-07
16,0.2651910714285714,2020-02-08
17,0.9009718749999998,2020-02-09
18,0.878209375,2020-02-10
19,0.34882340425531916,2020-02-11
20,0.24636944444444447,2020-02-12
21,1.7445833333333338,2020-02-13
22,0.528582,2020-02-14
23,0.349364,2020-02-15
24,0.20667058823529416,2020-02-16
25,0.7398562499999999,2020-02-17
26,0.5205900000000001,2020-02-18
27,1.3523054054054044,2020-02-19
28,0.4695037735849057,2020-02-20
29,0.9722791666666666,2020-02-21
30,1.518996153846154,2020-02-22
31,2.1304000000000003,2020-02-23
32,1.6547500000000002,2020-02-24
33,0.6351277777777777,2020-02-25
34,0.5401230769230769,2020-02-26
35,0.5225105263157898,2020-02-27
36,1.099286842105263,2020-02-28
37,0.3681307692307693,2020-02-29
38,0.1673,2020-03-01
39,0.5298999999999999,2020-03-02
40,0.1965071428571429,2020-03-03
41,0.17302857142857145,2020-03-04
42,0.8824499999999998,2020-03-05
43,0.3218,2020-03-06
44,0.48267368421052614,2020-03-07
45,0.6166888888888888,2020-03-08
46,0.8794000000000001,2020-03-09
47,0.1778285714285714,2020-03-10
48,0.8995599999999999,2020-03-11
49,0.4482933333333333,2020-03-12
50,1.2624444444444445,2020-03-13
51,0.29355,2020-03-14
52,1.07285,2020-03-15
53,0.8869400000000001,2020-03-16
54,2.5572809523809523,2020-03-17
55,1.3058029411764704,2020-03-18
56,1.8681666666666663,2020-03-19
57,0.4368147058823528,2020-03-20
58,1.1891555555555557,2020-03-21
59,1.6512499999999999,2020-03-22
60,0.28601428571428567,2020-03-23
61,0.4030739130434782,2020-03-24
62,1.1681153846153847,2020-03-25
63,0.5027111111111112,2020-03-26
64,-0.396475,2020-03-27
65,1.2390800000000002,2020-03-28
66,4.3709250000000015,2020-03-29
67,0.16629999999999998,2020-03-30
68,0.9222999999999997,2020-03-31
69,1.5674000000000006,2020-04-01
70,1.2351999999999999,2020-04-02
71,1.2241310344827587,2020-04-03
72,1.310875,2020-04-04
73,4.8145,2020-04-05
74,0.76605,2020-04-06
75,0.3225,2020-04-07
76,0.045700000000000046,2020-04-08
77,0.23962499999999998,2020-04-09
78,2.3298749999999995,2020-04-10
79,2.838833333333332,2020-04-11
80,0.54825,2020-04-12
81,0.8558666666666667,2020-04-13
82,1.3525553191489361,2020-04-14
83,0.9934589743589746,2020-04-15
84,4.521635,2020-04-16
85,1.3235315789473685,2020-04-17
86,0.8871,2020-04-18
87,1.2525333333333333,2020-04-19
88,-0.06666666666666671,2020-04-20
89,0.9759071428571426,2020-04-21
90,1.6211499999999999,2020-04-22
91,1.3233249999999999,2020-04-23
92,4.353846153846152,2020-04-24
93,1.960533333333333,2020-04-25
94,0.5444714285714285,2020-04-26
95,3.5819095238095238,2020-04-27
96,1.8163999999999998,2020-04-28
97,4.515675000000001,2020-04-29
98,2.1445296296296297,2020-04-30
99,1.5994468085106381,2020-05-01
100,1.9221467213114758,2020-05-02
101,2.1603138888888886,2020-05-03
102,1.4370263157894736,2020-05-04
103,4.005005,2020-05-05
104,2.146886666666666,2020-05-06
105,2.2996720930232564,2020-05-07
106,2.7486944444444448,2020-05-08
107,1.3343636363636362,2020-05-09
108,2.763565517241379,2020-05-10
109,1.8147437499999999,2020-05-11
110,2.086565714285714,2020-05-12
111,1.4783529411764706,2020-05-13
112,2.0466374999999997,2020-05-14
113,1.377122222222222,2020-05-15
114,2.5182999999999995,2020-05-16
115,1.0183,2020-05-17
116,1.4655785714285712,2020-05-18
117,1.28272,2020-05-19
118,1.7666666666666666,2020-05-20
119,0.9292,2020-05-21
120,1.7833555555555551,2020-05-22
121,4.22952,2020-05-23
122,2.0551833333333334,2020-05-24
123,0.597,2020-05-25
124,1.5560333333333336,2020-05-26
125,1.5741705882352943,2020-05-27
126,1.334911111111111,2020-05-28
127,2.6612,2020-05-29
128,2.3957875000000004,2020-05-30
129,1.66004,2020-05-31
130,0.7831500000000001,2020-06-01
131,1.772247619047619,2020-06-02
132,1.1783333333333332,2020-06-03
133,0.69216,2020-06-04
134,1.06988,2020-06-05
135,1.1672285714285715,2020-06-06
136,11.97063333333333,2020-06-07
137,3.987233333333334,2020-06-08
138,2.995528571428571,2020-06-09
139,0.909595652173913,2020-06-10
140,1.894969811320755,2020-06-11
141,3.1008542857142865,2020-06-12
142,1.1890227272727276,2020-06-13
143,1.1076833333333334,2020-06-14
144,0.10055,2020-06-15
145,4.341625000000001,2020-06-16
146,0.5927,2020-06-17
147,2.4163769230769234,2020-06-18
148,0.9919300000000002,2020-06-19
149,1.3461285714285716,2020-06-20
150,0.0,2020-06-21
151,2.17357,2020-06-22
152,1.4876749999999999,2020-06-23
153,2.96905,2020-06-24
154,1.9716416666666665,2020-06-25
155,1.56664,2020-06-26
156,3.9082000000000003,2020-06-27
157,2.0064599999999997,2020-06-28
158,1.5972846153846152,2020-06-29
159,3.506231249999999,2020-06-30
160,1.6478500000000003,2020-07-01
161,1.7245833333333334,2020-07-02
162,2.7064287671232883,2020-07-03
163,4.7816,2020-07-04
164,2.1133099999999994,2020-07-05
165,1.7982624999999992,2020-07-06
166,1.8097194029850745,2020-07-07
167,0.8925607142857146,2020-07-08
168,1.7693133333333328,2020-07-09
169,1.5603465116279065,2020-07-10
170,2.509555833333333,2020-07-11
171,2.574017777777779,2020-07-12
172,1.9008458333333331,2020-07-13
173,1.6365392045454548,2020-07-14
174,1.1300145833333335,2020-07-15
175,2.170265333333333,2020-07-16
176,1.4731574074074074,2020-07-17
177,1.4015354838709677,2020-07-18
178,1.0256666666666665,2020-07-19
179,3.681447619047622,2020-07-20
180,2.017378666666667,2020-07-21
181,1.429203773584906,2020-07-22
182,2.1970972602739716,2020-07-23
183,1.3593654761904763,2020-07-24
184,0.818730909090909,2020-07-25
185,1.5693599999999999,2020-07-26
186,0.7736176470588234,2020-07-27
187,1.6745607142857142,2020-07-28
188,1.0113526315789476,2020-07-29
189,0.7882807692307694,2020-07-30
190,0.8893733333333333,2020-07-31
191,1.19764,2020-08-01
192,2.3307624999999996,2020-08-02
193,0.8807125,2020-08-03
194,1.134909090909091,2020-08-04
195,0.7327058823529411,2020-08-05
196,1.0326764705882356,2020-08-06
197,1.5557999999999998,2020-08-07
198,1.760523076923077,2020-08-08
199,0.9266666666666667,2020-08-09
200,1.6928,2020-08-10
201,1.7383444444444445,2020-08-11
202,1.9704662499999999,2020-08-12
203,2.0323825396825392,2020-08-13
204,1.1445243902439022,2020-08-14
205,1.047121212121212,2020-08-15
206,0.74248,2020-08-16
207,1.8525407407407404,2020-08-17
208,1.7721427184466019,2020-08-18
209,1.761739285714286,2020-08-19
210,1.4886349999999995,2020-08-20
211,1.61048612716763,2020-08-21
212,2.131551515151516,2020-08-22
213,1.3782376811594204,2020-08-23
214,2.468951724137932,2020-08-24
215,1.7731540540540538,2020-08-25
216,1.6660842105263154,2020-08-26
217,1.0986579439252335,2020-08-27
218,1.8456881720430098,2020-08-28
219,1.3766298850574714,2020-08-29
220,3.2760313725490207,2020-08-30
221,1.8108241935483869,2020-08-31
222,1.6190723472668813,2020-09-01
223,1.3917655367231647,2020-09-02
224,1.2944717948717943,2020-09-03
225,1.1683348571428576,2020-09-04
226,0.9682064814814817,2020-09-05
227,2.027286274509804,2020-09-06
228,0.7732172413793104,2020-09-07
229,2.3763063063063075,2020-09-08
230,0.9160505747126433,2020-09-09
231,0.8731599999999999,2020-09-10
232,0.9120755555555552,2020-09-11
233,1.9169058823529412,2020-09-12
234,1.8901739130434787,2020-09-13
235,1.2937722222222223,2020-09-14
236,1.789900000000001,2020-09-15
237,1.1868113636363637,2020-09-16
238,2.942532142857145,2020-09-17
239,1.7743521739130437,2020-09-18
240,1.6706847826086964,2020-09-19
241,2.2542958333333334,2020-09-20
242,1.4071333333333333,2020-09-21
243,2.124141428571429,2020-09-22
244,1.452285253456221,2020-09-23
245,1.5311046511627904,2020-09-24
246,2.1852518518518522,2020-09-25
247,1.0335333333333334,2020-09-26
248,1.6219444444444446,2020-09-27
249,0.98616,2020-09-28
250,1.5463333333333331,2020-09-29
251,1.348551612903226,2020-09-30
252,1.5585066666666665,2020-10-01
253,1.1470074074074075,2020-10-02
254,1.016885185185185,2020-10-03
255,2.3546777777777783,2020-10-04
256,0.7997681818181818,2020-10-05
257,1.6025428571428573,2020-10-06
258,2.777938888888889,2020-10-07
259,1.2255642857142859,2020-10-08
260,1.1216562500000002,2020-10-09
261,0.8538636363636365,2020-10-10
262,1.96795,2020-10-11
263,0.7324105263157893,2020-10-12
264,0.7312421052631578,2020-10-13
265,1.331577777777778,2020-10-14
266,0.9449804878048782,2020-10-15
267,1.9012625,2020-10-16
268,1.5418916666666664,2020-10-17
269,3.0741923076923072,2020-10-18
270,3.971668750000002,2020-10-19
271,2.46205,2020-10-20
272,1.472346428571429,2020-10-21
273,1.7557716981132079,2020-10-22
274,2.4164857142857143,2020-10-23
275,1.048805,2020-10-24
276,1.794673333333333,2020-10-25
277,1.9462222222222225,2020-10-26
278,1.0935470588235296,2020-10-27
279,1.8671879999999998,2020-10-28
280,3.76894375,2020-10-29
281,1.4648333333333332,2020-10-30
282,1.2577052631578947,2020-10-31
283,0.24195,2020-11-01
284,1.6952199999999995,2020-11-02
285,2.742742857142857,2020-11-03
286,1.5493749999999995,2020-11-04
287,2.630666666666667,2020-11-05
288,0.0,2020-11-06
289,1.0678277777777776,2020-11-07
290,1.5246749999999998,2020-11-08
291,0.8376999999999997,2020-11-09
292,2.0851923076923073,2020-11-10
293,1.2550857142857141,2020-11-11
294,1.9394250000000002,2020-11-12
295,1.7447785714285717,2020-11-13
296,2.5367555555555557,2020-11-14
297,2.91226923076923,2020-11-15
298,1.3416555555555556,2020-11-16
299,2.2102775280898874,2020-11-17
300,1.0288181818181816,2020-11-18
301,2.33887358490566,2020-11-19
302,1.7101244444444441,2020-11-20
303,1.9719409090909097,2020-11-21
304,3.6423833333333335,2020-11-22
305,1.15296,2020-11-23
306,1.9146848484848484,2020-11-24
307,1.2818150000000001,2020-11-25
308,2.7296829787234054,2020-11-26
309,1.5890718750000006,2020-11-27
310,1.2006854166666663,2020-11-28
311,2.254265,2020-11-29
312,1.1827410256410253,2020-11-30
313,1.6566473684210532,2020-12-01
314,2.6052744186046524,2020-12-02
315,1.5542314814814813,2020-12-03
316,1.7028833333333333,2020-12-04
317,1.5758541666666661,2020-12-05
318,2.349035294117647,2020-12-06
319,0.49754090909090914,2020-12-07
320,2.056746428571429,2020-12-08
321,1.504659322033898,2020-12-09
322,1.5326860000000002,2020-12-10
323,2.221302564102564,2020-12-11
324,1.5766294117647062,2020-12-12
325,3.840274999999999,2020-12-13
326,2.299305263157894,2020-12-14
327,1.5522804347826082,2020-12-15
328,1.797571794871796,2020-12-16
329,1.1227914285714284,2020-12-17
330,1.4372296874999997,2020-12-18
331,1.36432072072072,2020-12-19
332,2.036545,2020-12-20
333,3.635225000000002,2020-12-21
334,1.4643895833333336,2020-12-22
335,1.5013305555555556,2020-12-23
336,2.9806476190476183,2020-12-24
337,1.388468,2020-12-25
338,0.5449714285714286,2020-12-26
339,3.2794499999999998,2020-12-27
340,1.8819095238095234,2020-12-28
341,0.7196583333333333,2020-12-29
342,0.9987181818181816,2020-12-30
343,1.2585969696969699,2020-12-31
344,1.5992439024390244,2021-01-01
345,0.8959944444444444,2021-01-02
346,2.1949894736842106,2021-01-03
347,3.562444444444445,2021-01-04
348,3.262190624999999,2021-01-05
349,1.6324479999999997,2021-01-06
350,2.2615327586206897,2021-01-07
351,1.9930000000000003,2021-01-08
352,2.3481512195121947,2021-01-09
353,3.1554971014492748,2021-01-10
354,1.682293181818182,2021-01-11
355,2.500869318181817,2021-01-12
356,2.1677265625000013,2021-01-13
357,2.013879166666667,2021-01-14
358,1.2780839285714285,2021-01-15
359,1.458617857142857,2021-01-16
360,1.1535130434782608,2021-01-17
361,2.2498347826086955,2021-01-18
362,3.883165217391304,2021-01-19
363,0.6314064516129032,2021-01-20
364,1.8848874999999998,2021-01-21
365,1.6658476190476192,2021-01-22
366,0.9645289473684212,2021-01-23
